{"indexes":[{"v":{"$numberInt":"2"},"key":{"_id":{"$numberInt":"1"}},"name":"_id_"},{"v":{"$numberInt":"2"},"key":{"id":{"$numberInt":"1"},"customerId":{"$numberInt":"1"},"deleted":{"$numberInt":"1"}},"name":"action_id_customer_deleted"},{"v":{"$numberInt":"2"},"key":{"customerId":{"$numberInt":"1"},"uniqueId":{"$numberInt":"1"},"groupName":{"$numberInt":"1"},"deleted":{"$numberInt":"1"}},"name":"action_customer_unique_group_deleted"},{"v":{"$numberInt":"2"},"key":{"customerId":{"$numberInt":"1"},"objectTemplate":{"$numberInt":"1"},"objectRequired":{"$numberInt":"1"},"deleted":{"$numberInt":"1"}},"name":"action_customer_template_required_deleted"},{"v":{"$numberInt":"2"},"key":{"customerId":{"$numberInt":"1"},"doubleShiftEnabled":{"$numberInt":"1"},"deleted":{"$numberInt":"1"}},"name":"action_customer_double_shift_deleted"},{"v":{"$numberInt":"2"},"key":{"customerId":{"$numberInt":"1"},"deprecated":{"$numberInt":"1"},"deleted":{"$numberInt":"1"}},"name":"action_customer_deprecated_deleted"}],"uuid":"c94955b349234052b57cc6cfd1d7ee77","collectionName":"action","type":"collection"}