{"indexes":[{"v":{"$numberInt":"2"},"key":{"_id":{"$numberInt":"1"}},"name":"_id_"},{"v":{"$numberInt":"2"},"key":{"id":{"$numberInt":"1"},"customerId":{"$numberInt":"1"},"projectId":{"$numberInt":"1"},"deleted":{"$numberInt":"1"}},"name":"execution_config_id_customer_project_deleted"},{"v":{"$numberInt":"2"},"key":{"customerId":{"$numberInt":"1"},"projectId":{"$numberInt":"1"},"deleted":{"$numberInt":"1"}},"name":"execution_config_customer_project_deleted"},{"v":{"$numberInt":"2"},"key":{"customerId":{"$numberInt":"1"},"projectId":{"$numberInt":"1"},"userId":{"$numberInt":"1"},"deleted":{"$numberInt":"1"}},"name":"execution_config_customer_project_user_deleted"}],"uuid":"62ee5ed3016e4cd88d2a1df75694b07b","collectionName":"execution_configuration","type":"collection"}