{"indexes":[{"v":{"$numberInt":"2"},"key":{"_id":{"$numberInt":"1"}},"name":"_id_"},{"v":{"$numberInt":"2"},"key":{"id":{"$numberInt":"1"},"customerId":{"$numberInt":"1"},"projectId":{"$numberInt":"1"}},"name":"component_id_customer_project"},{"v":{"$numberInt":"2"},"key":{"customerId":{"$numberInt":"1"},"projectId":{"$numberInt":"1"},"key":{"$numberInt":"1"}},"name":"component_customer_project_key"},{"v":{"$numberInt":"2"},"key":{"customerId":{"$numberInt":"1"},"projectId":{"$numberInt":"1"},"label":{"$numberInt":"1"}},"name":"component_customer_project_label"}],"uuid":"696f5bbe588a424c85d07310379c3623","collectionName":"component","type":"collection"}