{"indexes":[{"v":{"$numberInt":"2"},"key":{"_id":{"$numberInt":"1"}},"name":"_id_"},{"v":{"$numberInt":"2"},"key":{"id":{"$numberInt":"1"},"customerId":{"$numberInt":"1"},"projectId":{"$numberInt":"1"},"deleted":{"$numberInt":"1"}},"name":"environmentfields_id_customer_project_deleted"},{"v":{"$numberInt":"2"},"key":{"customerId":{"$numberInt":"1"},"projectId":{"$numberInt":"1"},"deleted":{"$numberInt":"1"}},"name":"environmentfields_customer_project_deleted"},{"v":{"$numberInt":"2"},"key":{"customerId":{"$numberInt":"1"},"projectId":{"$numberInt":"1"},"key":{"$numberInt":"1"},"deleted":{"$numberInt":"1"}},"name":"environmentfields_customer_project_key_deleted"},{"v":{"$numberInt":"2"},"key":{"customerId":{"$numberInt":"1"},"projectId":{"$numberInt":"1"},"name":{"$numberInt":"1"},"deleted":{"$numberInt":"1"}},"name":"environmentfields_customer_project_name_deleted"},{"v":{"$numberInt":"2"},"key":{"customerId":{"$numberInt":"1"},"projectId":{"$numberInt":"1"},"fieldType":{"$numberInt":"1"},"deleted":{"$numberInt":"1"}},"name":"environmentfields_customer_project_fieldtype_deleted"},{"v":{"$numberInt":"2"},"key":{"customerId":{"$numberInt":"1"},"projectId":{"$numberInt":"1"},"parentId":{"$numberInt":"1"},"deleted":{"$numberInt":"1"}},"name":"environmentfields_customer_project_parentid_deleted"}],"uuid":"587bd3f625634ec68fcaa00cfc63c2ce","collectionName":"environmentfields","type":"collection"}