{"indexes":[{"v":{"$numberInt":"2"},"key":{"_id":{"$numberInt":"1"}},"name":"_id_"},{"v":{"$numberInt":"2"},"key":{"id":{"$numberInt":"1"},"seq":{"$numberInt":"1"},"parentId":{"$numberInt":"1"},"customerId":{"$numberInt":"1"},"projectId":{"$numberInt":"1"},"deleted":{"$numberInt":"1"}},"name":"fields_id_seq_parentid_customer_project_deleted"},{"v":{"$numberInt":"2"},"key":{"customerId":{"$numberInt":"1"},"projectId":{"$numberInt":"1"},"parentId":{"$numberInt":"1"},"deleted":{"$numberInt":"1"}},"name":"fields_customer_project_parentid_deleted"},{"v":{"$numberInt":"2"},"key":{"customerId":{"$numberInt":"1"},"projectId":{"$numberInt":"1"},"parentId":{"$numberInt":"1"},"fieldType":{"$numberInt":"1"},"deleted":{"$numberInt":"1"}},"name":"fields_customer_project_parentid_fieldtype_deleted"},{"v":{"$numberInt":"2"},"key":{"customerId":{"$numberInt":"1"},"projectId":{"$numberInt":"1"},"seq":{"$numberInt":"1"},"parentId":{"$numberInt":"1"},"deleted":{"$numberInt":"1"}},"name":"fields_customer_project_seq_parentid_deleted"}],"uuid":"9f0ac0a9d2f7401ba0c2d6a9179a94e1","collectionName":"fields","type":"collection"}