{"indexes":[{"v":{"$numberInt":"2"},"key":{"_id":{"$numberInt":"1"}},"name":"_id_"},{"v":{"$numberInt":"2"},"key":{"id":{"$numberInt":"1"},"customerId":{"$numberInt":"1"},"deleted":{"$numberInt":"1"}},"name":"linkageconfig_id_customer_deleted"},{"v":{"$numberInt":"2"},"key":{"customerId":{"$numberInt":"1"},"name":{"$numberInt":"1"},"deleted":{"$numberInt":"1"}},"name":"linkageconfig_customer_name_deleted"},{"v":{"$numberInt":"2"},"key":{"customerId":{"$numberInt":"1"},"seq":{"$numberInt":"1"},"deleted":{"$numberInt":"1"}},"name":"linkageconfig_customer_seq_deleted"},{"v":{"$numberInt":"2"},"key":{"customerId":{"$numberInt":"1"},"fieldType":{"$numberInt":"1"},"deleted":{"$numberInt":"1"}},"name":"linkageconfig_customer_fieldtype_deleted"}],"uuid":"9a7b8bd4199a4b2cb7c306c9a520717a","collectionName":"linkageconfig","type":"collection"}