{"indexes":[{"v":{"$numberInt":"2"},"key":{"_id":{"$numberInt":"1"}},"name":"_id_"},{"v":{"$numberInt":"2"},"key":{"id":{"$numberInt":"1"},"customerId":{"$numberInt":"1"},"deleted":{"$numberInt":"1"}},"name":"project_id_customer_deleted"},{"v":{"$numberInt":"2"},"key":{"customerId":{"$numberInt":"1"},"name":{"$numberInt":"1"},"deleted":{"$numberInt":"1"}},"name":"project_customer_name_deleted"},{"v":{"$numberInt":"2"},"key":{"customerId":{"$numberInt":"1"},"code":{"$numberInt":"1"},"deleted":{"$numberInt":"1"}},"name":"project_customer_code_deleted"},{"v":{"$numberInt":"2"},"key":{"customerId":{"$numberInt":"1"},"createdAt":{"$numberInt":"1"},"deleted":{"$numberInt":"1"}},"name":"project_customer_created_deleted"}],"uuid":"9f9f44f5e8904007b5f08ca2221ababf","collectionName":"project","type":"collection"}