{"indexes":[{"v":{"$numberInt":"2"},"key":{"_id":{"$numberInt":"1"}},"name":"_id_"},{"v":{"$numberInt":"2"},"key":{"userId":{"$numberInt":"1"},"customerId":{"$numberInt":"1"},"projectId":{"$numberInt":"1"},"deleted":{"$numberInt":"1"}},"name":"project_user_role_userid_customer_project_deleted"},{"v":{"$numberInt":"2"},"key":{"customerId":{"$numberInt":"1"},"projectId":{"$numberInt":"1"},"deleted":{"$numberInt":"1"}},"name":"project_user_role_customer_project_deleted"},{"v":{"$numberInt":"2"},"key":{"customerId":{"$numberInt":"1"},"projectId":{"$numberInt":"1"},"roleId":{"$numberInt":"1"},"deleted":{"$numberInt":"1"}},"name":"project_user_role_customer_project_roleid_deleted"},{"v":{"$numberInt":"2"},"key":{"userId":{"$numberInt":"1"},"customerId":{"$numberInt":"1"},"deleted":{"$numberInt":"1"}},"name":"project_user_role_userid_customer_deleted"}],"uuid":"9dd849febd3a4732a9689e62b464868c","collectionName":"project_user_role","type":"collection"}