{"indexes":[{"v":{"$numberInt":"2"},"key":{"_id":{"$numberInt":"1"}},"name":"_id_"},{"v":{"$numberInt":"2"},"key":{"id":{"$numberInt":"1"},"customerId":{"$numberInt":"1"},"projectId":{"$numberInt":"1"},"deleted":{"$numberInt":"1"}},"name":"roles_id_customer_project_deleted"},{"v":{"$numberInt":"2"},"key":{"customerId":{"$numberInt":"1"},"projectId":{"$numberInt":"1"},"deleted":{"$numberInt":"1"}},"name":"roles_customer_project_deleted"},{"v":{"$numberInt":"2"},"key":{"customerId":{"$numberInt":"1"},"projectId":{"$numberInt":"1"},"name":{"$numberInt":"1"},"deleted":{"$numberInt":"1"}},"name":"roles_customer_project_name_deleted"}],"uuid":"a4f44c8620c2499abaff9c260a56a174","collectionName":"roles","type":"collection"}