{"indexes":[{"v":{"$numberInt":"2"},"key":{"_id":{"$numberInt":"1"}},"name":"_id_"},{"v":{"$numberInt":"2"},"key":{"userId":{"$numberInt":"1"},"customerId":{"$numberInt":"1"}},"name":"session_history_userid_customer"},{"v":{"$numberInt":"2"},"key":{"customerId":{"$numberInt":"1"},"createdAt":{"$numberInt":"1"}},"name":"session_history_customer_created"},{"v":{"$numberInt":"2"},"key":{"userId":{"$numberInt":"1"},"customerId":{"$numberInt":"1"},"type":{"$numberInt":"1"}},"name":"session_history_userid_customer_type"},{"v":{"$numberInt":"2"},"key":{"customerId":{"$numberInt":"1"},"type":{"$numberInt":"1"}},"name":"session_history_customer_type"},{"v":{"$numberInt":"2"},"key":{"customerId":{"$numberInt":"1"},"loggedInAt":{"$numberInt":"1"}},"name":"session_history_customer_loggedin"},{"v":{"$numberInt":"2"},"key":{"customerId":{"$numberInt":"1"},"loggedOutAt":{"$numberInt":"1"}},"name":"session_history_customer_loggedout"},{"v":{"$numberInt":"2"},"key":{"customerId":{"$numberInt":"1"},"accessTokenCreatedAt":{"$numberInt":"1"}},"name":"session_history_customer_accesstokencreated"},{"v":{"$numberInt":"2"},"key":{"customerId":{"$numberInt":"1"},"refreshTokenCreatedAt":{"$numberInt":"1"}},"name":"session_history_customer_refreshtokencreated"}],"uuid":"0dd90b2fc02b458ea2725446f6165fe4","collectionName":"session_history","type":"collection"}