{"indexes":[{"v":{"$numberInt":"2"},"key":{"_id":{"$numberInt":"1"}},"name":"_id_"},{"v":{"$numberInt":"2"},"key":{"id":{"$numberInt":"1"},"customerId":{"$numberInt":"1"},"deleted":{"$numberInt":"1"}},"name":"user_id_customer_deleted"},{"v":{"$numberInt":"2"},"key":{"customerId":{"$numberInt":"1"},"email":{"$numberInt":"1"},"deleted":{"$numberInt":"1"}},"name":"user_customer_email_deleted"},{"v":{"$numberInt":"2"},"key":{"customerId":{"$numberInt":"1"},"active":{"$numberInt":"1"},"deleted":{"$numberInt":"1"}},"name":"user_customer_active_deleted"},{"v":{"$numberInt":"2"},"key":{"customerId":{"$numberInt":"1"},"status":{"$numberInt":"1"},"deleted":{"$numberInt":"1"}},"name":"user_customer_status_deleted"},{"v":{"$numberInt":"2"},"key":{"customerId":{"$numberInt":"1"},"username":{"$numberInt":"1"},"deleted":{"$numberInt":"1"}},"name":"user_customer_username_deleted"},{"v":{"$numberInt":"2"},"key":{"customerId":{"$numberInt":"1"},"name":{"$numberInt":"1"},"deleted":{"$numberInt":"1"}},"name":"user_customer_name_deleted"},{"v":{"$numberInt":"2"},"key":{"customerId":{"$numberInt":"1"},"userType":{"$numberInt":"1"},"deleted":{"$numberInt":"1"}},"name":"user_customer_usertype_deleted"},{"v":{"$numberInt":"2"},"key":{"customerId":{"$numberInt":"1"},"createdAt":{"$numberInt":"1"},"deleted":{"$numberInt":"1"}},"name":"user_customer_created_deleted"},{"v":{"$numberInt":"2"},"key":{"customerId":{"$numberInt":"1"},"updatedAt":{"$numberInt":"1"},"deleted":{"$numberInt":"1"}},"name":"user_customer_updated_deleted"},{"v":{"$numberInt":"2"},"key":{"customerId":{"$numberInt":"1"},"setupPasswordAccessToken":{"$numberInt":"1"},"deleted":{"$numberInt":"1"}},"name":"user_customer_setuppasswordaccesstoken_deleted"}],"uuid":"a2d6042a2d1e40e3aadc4887bb2ef57d","collectionName":"user","type":"collection"}