{"indexes":[{"v":{"$numberInt":"2"},"key":{"_id":{"$numberInt":"1"}},"name":"_id_"},{"v":{"$numberInt":"2"},"key":{"userId":{"$numberInt":"1"},"customerId":{"$numberInt":"1"}},"name":"user_preference_userid_customer"},{"v":{"$numberInt":"2"},"key":{"customerId":{"$numberInt":"1"},"activeProjectId":{"$numberInt":"1"}},"name":"user_preference_customer_activeprojectid"},{"v":{"$numberInt":"2"},"key":{"customerId":{"$numberInt":"1"},"activeRoleId":{"$numberInt":"1"}},"name":"user_preference_customer_activeroleid"}],"uuid":"3a5c673651e74b86b7633a7bb9f7b717","collectionName":"user-preference","type":"collection"}